ds,VIC_ROOFTOP_SOLAR,VIC_SOLAR,VIC_WIND,VIC_HYDRO,VIC_BATTERY,VIC_GAS_OCGT,VIC_GAS_STEAM,VIC_BROWN_COAL,VIC_TEMP,y,VIC_NETINTERCHANGE,VIC_DEMAND
21/11/2019 10:00,1051.39,238.99,1035.6,33.32,7.85,202.81,0,4170.75,33.85,63.75,641.12,7381.83
21/11/2019 10:30,1112.22,218.22,901.3,142.64,3.25,233.08,0,4167.71,34.45,69.93,751.06,7529.48
21/11/2019 11:00,1123.21,220.03,876.07,307.67,1.63,234.06,0,4158.01,35.08,70,774.44,7695.12
21/11/2019 11:30,1166.9,216.65,775.7,572.78,2.74,255.6,0,4152.84,36.04,73.02,826.25,7969.46
21/11/2019 12:00,1129.69,209.23,717.35,589.14,6.93,237.41,0,4137.53,37.25,77.48,1083.5,8110.78
21/11/2019 12:30,1039.71,183.63,817.6,597.89,2.35,226.1,0,4126.99,38.08,84.89,1215.99,8210.26
21/11/2019 13:00,948.89,150.27,919.33,804.8,10.06,246.13,0,4040.68,38.58,89.38,1205.68,8325.84
21/11/2019 13:30,876.96,167.72,991.84,980.91,1.41,269.22,0,4031.32,40.36,139.8,1230.24,8549.62
21/11/2019 14:00,770.09,186.71,1042.57,941.06,1.71,367.22,0,4090.8,38.92,123.11,1173.24,8573.4
21/11/2019 14:30,551.47,175.93,981.78,1115.09,6.43,397.86,0,4095.16,31.69,137.09,1215.22,8538.94
21/11/2019 15:00,426.4,191.22,1039.08,1026.37,0,398.01,0,4082.18,26.7,102.29,1061.91,8225.17
21/11/2019 15:30,431.65,202.68,1058.39,799.49,3.85,393.02,0,4090.35,24.24,71.37,683.72,7663.15
21/11/2019 16:00,430.53,181.34,1026.63,588.94,0,365.75,0,4090.48,20.63,69.12,529.32,7212.99
21/11/2019 16:30,369.31,152.28,1059.34,719.06,0,369.44,0,4099.24,19.12,70,109.82,6878.49
21/11/2019 17:00,283.83,116.44,1023.6,925.93,3.45,361.44,0,4103.33,18.49,58.46,-223.66,6594.36
21/11/2019 17:30,212.97,126.85,1009.1,712.02,7.49,377.03,0,4115.2,18.3,65.02,-164.47,6396.19
21/11/2019 18:00,169.04,136.17,1025.96,563.19,5.16,346.15,0,4137.85,18.11,70,-163.93,6219.59
21/11/2019 18:30,139.22,88.32,1014.34,576.18,4.4,389.41,0,4141.05,17.83,70,-428.86,5924.06
21/11/2019 19:00,98.57,39.96,891.59,753.46,7.05,359.3,0,4134.13,17.51,70.79,-515.27,5768.79
21/11/2019 19:30,38.47,8.39,831.03,847.58,3.95,234.43,0,4141.85,17.05,71.08,-570.16,5535.54
21/11/2019 20:00,6.7,2.93,851.64,801.31,4.5,240.61,0,4135.14,16.6,71.8,-584.45,5458.38
21/11/2019 20:30,0.4,0.04,821.98,607.02,1.79,235.46,0,4130.9,15.91,70.28,-359.01,5438.58
21/11/2019 21:00,0,0,780.4,559.04,2.17,260.67,0,4131.19,15.54,70,-353.36,5380.11
21/11/2019 21:30,0,0,825.52,313.31,3.01,226.86,0,4140.92,15.41,66.81,-299.69,5209.93
21/11/2019 22:00,0,0,813.12,247,17.68,200.57,0,4146.28,15.32,56.89,-402.61,5022.04
21/11/2019 22:30,0,0,744.3,168.74,16.62,215.73,0,4140.45,15.28,57.28,-455.53,4830.31
21/11/2019 23:00,0,0,644.79,168.94,1.07,186.9,0,4143.83,15.05,54.65,-500.68,4644.85
21/11/2019 23:30,0,0,569.41,168.64,0,226.07,0,4130.53,14.99,61.58,-506.86,4587.79
22/11/2019 0:00,0,0,494.51,168.81,0,194.4,0,4074.91,14.93,54.98,-309.91,4622.72
22/11/2019 0:30,0,0,402.49,168.3,0,222.9,0,4068.67,14.98,65.66,-97.72,4764.64
22/11/2019 1:00,0,0,404.25,168.25,0,217.07,0,4072.46,14.97,61.91,-274.62,4587.41
22/11/2019 1:30,0,0,400.05,115.72,0,209.73,0,4073.39,14.72,60.66,-293.2,4505.69
22/11/2019 2:00,0,0,448.73,0.07,0,155.07,0,4068.46,14.44,52.54,-292.87,4379.46
22/11/2019 2:30,0,0,508.75,0.06,0,152.73,0,4061.75,14.32,37.39,-505.89,4217.4
22/11/2019 3:00,0,0,524.76,0.05,0,144.07,0,4058.57,14.3,43.73,-570.88,4156.57
22/11/2019 3:30,0,0,551.47,0.06,0,155.07,0,4017.53,14.31,46.28,-650.88,4073.25
22/11/2019 4:00,0,0,552.36,0.06,0,147.23,0,4042.99,14.38,46.99,-692.53,4050.11
22/11/2019 4:30,0,0,545.77,0.06,0,149.07,0,4072.81,14.31,47.53,-672.75,4094.96
22/11/2019 5:00,0.01,0,603,0.06,0,175.57,0,4030.54,14.19,47.81,-660.54,4148.64
22/11/2019 5:30,1.22,0,551.27,0.05,0,206.4,0,3998.24,13.94,57.45,-447.17,4310.01
22/11/2019 6:00,15.9,0.02,490.73,11.47,0,221.9,0,3995.14,13.86,58.25,-224.39,4510.77
22/11/2019 6:30,62.74,8.02,424.7,118.74,4.49,248.07,0,3997.59,14.23,117.95,-76.5,4787.85
22/11/2019 7:00,144.55,56.71,389.28,355.63,4.07,237.07,0,3988.94,14.55,84.92,-20.8,5155.45
22/11/2019 7:30,269.69,150.6,280.42,479.93,2.48,239.9,0,3991.96,15.26,76.32,103.51,5518.49
22/11/2019 8:00,400.72,222.09,223.97,457.06,2.72,238.57,0,4005.25,14.82,73.26,112.94,5663.32
22/11/2019 8:30,520.28,254.84,192.24,297.35,4.81,231.73,0,4005.16,15.32,66.93,162.77,5669.18
22/11/2019 9:00,634.61,258.3,161.41,166.47,8.47,219.73,0,4011.58,15.83,71.61,243.69,5704.26
22/11/2019 9:30,760.69,258.31,123.16,83.54,0.92,212.4,0,4001.68,15.36,69.27,314.22,5754.92
22/11/2019 10:00,940.93,258.06,102.77,0.06,4.39,222.07,0,4004.95,15.49,69.25,269.38,5802.61
22/11/2019 10:30,1059.41,258.11,93.92,0.06,1.05,256.38,0,4006.36,15.96,65.47,98.99,5774.28
22/11/2019 11:00,1137.09,258.25,86.02,0.05,0,218.87,0,4002.49,16.43,59.99,57.47,5760.24
22/11/2019 11:30,1230.33,258.22,88.56,0.07,0,154.23,0,4005.4,16.61,50.56,38.18,5774.99
22/11/2019 12:00,1289.3,258.21,88.62,0.09,0.32,188.23,0,4004.24,16.86,53.88,-42.94,5786.07
22/11/2019 12:30,1340.42,258.13,96.9,0.05,0,170.4,0,4012.53,17,52.25,-117.6,5760.83
22/11/2019 13:00,1368.85,257.99,119.33,0.06,0,173.57,0,4016.89,17.26,51.13,-193.53,5743.16
22/11/2019 13:30,1372.17,257.9,146.17,0.06,4.36,192.9,0,4085.26,18.08,60.01,-372.84,5685.98
22/11/2019 14:00,1357.44,257.7,172.78,0.11,1.71,193.9,0,4091.12,18.09,58.29,-409.47,5665.29
22/11/2019 14:30,1322.48,257.83,208.03,0.12,7.18,217.07,0,4038.11,19.19,62.57,-385.67,5665.15
22/11/2019 15:00,1265.91,257.55,241.89,0.09,2.9,211.4,0,4000.72,19.78,65.3,-390.31,5590.15
22/11/2019 15:30,1180.86,257.79,260.05,0.11,3.88,190.23,0,3938.41,19.54,60.25,-254.29,5577.04
22/11/2019 16:00,1081.11,257.61,296.38,0.11,0.98,212.9,0,3946.1,19.14,51.38,-220.36,5574.83
22/11/2019 16:30,952.6,257.56,315.92,0.12,0,184.57,0,3969.27,18.12,65.58,-105.55,5574.49
22/11/2019 17:00,792.94,257.7,358.02,52.81,0,216.57,0,3951.67,17.76,63.04,-98.1,5531.61
22/11/2019 17:30,575.28,255.01,365.41,183.9,6,204.57,0,4022.41,16.43,61.25,-132.02,5480.56
22/11/2019 18:00,356.52,242.5,353.09,213.97,8.95,224.9,0,4058.89,15.73,62.69,7.56,5466.38
22/11/2019 18:30,235.57,198.68,323.63,213.58,7.13,222.9,0,4063.77,15.91,68.43,148.7,5413.96
22/11/2019 19:00,138.55,126.07,282.75,256.78,2.56,227.9,0,4064.28,15.72,83.81,159.3,5258.19
22/11/2019 19:30,56.42,51.6,285.64,281.46,5.81,233.57,0,4070.13,15.42,79.64,207.8,5192.43
22/11/2019 20:00,9.95,5.32,357.92,359.09,1.72,230.9,0,4073.01,15.13,96.7,135.49,5173.4
22/11/2019 20:30,0.5,0.02,439.04,310.34,2.25,268.47,0,4085.1,14.9,75.66,66.6,5172.32
22/11/2019 21:00,0,0,454.55,226.41,8.01,329.65,0,4092.13,14.53,71.07,82.57,5193.32
22/11/2019 21:30,0,0,408.49,168.05,4.03,319.07,0,4095.79,14.16,70.99,28.76,5024.19
22/11/2019 22:00,0,0,408.02,115.61,7.75,307.78,0,4108.93,13.99,69.49,-48.44,4899.65
22/11/2019 22:30,0,0,405.91,0.08,1.46,280.63,0,4113.02,13.75,70.14,-31.29,4769.81
22/11/2019 23:00,0,0,380.66,0.06,5.1,61.7,0,4119.49,13.67,70.2,58.1,4625.11
22/11/2019 23:30,0,0,359.1,0.06,0,0.4,0,4115.99,13.32,78.17,34.94,4510.49
23/11/2019 0:00,0,0,344.98,0.06,0,0.4,0,4113.84,12.86,65.76,64.57,4523.85
23/11/2019 0:30,0,0,326.34,0.07,0,0.4,0,4086.8,12.53,71.42,323.61,4737.22
23/11/2019 1:00,0,0,300.2,0.11,0,0.4,0,4071.32,12.2,85.23,187.06,4559.09
23/11/2019 1:30,0,0,268.55,0.12,0,0.4,0,4087.38,11.67,74.77,56.52,4412.97
23/11/2019 2:00,0,0,287.5,0.09,0,0.4,0,4115.87,11.33,65.15,-110.74,4293.12
23/11/2019 2:30,0,0,326.01,0.08,0,0.4,0,4118.67,11.03,48.28,-272.09,4173.07
23/11/2019 3:00,0,0,331.34,0.06,0,0.4,0,4121.01,10.81,50.45,-407.81,4045
23/11/2019 3:30,0,0,302.7,0.06,0,0.4,0,4117.09,10.54,51.56,-438.36,3981.89
23/11/2019 4:00,0,0,228.09,0.11,0,0.4,0,4117.03,10.43,50.34,-417.4,3928.23
23/11/2019 4:30,0,0,201.69,0.07,0,0.4,0,4112.45,10.53,50.5,-403.94,3910.67
23/11/2019 5:00,0.02,0,188.08,0.13,0,0.4,0,4119.04,10.27,52.99,-340.02,3967.65
23/11/2019 5:30,2.46,0,171.29,0.07,0,0.4,0,4120.27,10.24,60.48,-262.54,4031.95
23/11/2019 6:00,28.17,0.23,164.38,0.06,0,0.39,0,4118.27,10.72,62.01,-194.1,4117.4
23/11/2019 6:30,91.99,15.68,140.13,0.06,0,0.4,0,4118.93,11.79,56.67,-125.07,4242.12
23/11/2019 7:00,196.95,80.13,149.81,9.45,0.07,0.4,0,4115.88,12.91,64.92,-111.56,4441.13
23/11/2019 7:30,335.9,163.78,206.5,31.88,0,0.4,0,4115.46,13.97,56.3,-167.97,4685.95
23/11/2019 8:00,503.19,223.54,191.77,31.68,0.28,0.4,0,4115.12,14.7,45.35,-266.74,4799.24
23/11/2019 8:30,673.14,252.91,229.97,30.24,0.13,0.4,0,4118.47,15.74,49.91,-426.15,4879.11
23/11/2019 9:00,799.63,258.11,282.72,21.74,3.82,0.4,0,4117.87,16.37,37.31,-497.14,4987.15
23/11/2019 9:30,896.53,258.33,341.62,0.06,1.84,0.4,0,4112.65,16.93,53.72,-570.5,5040.93
23/11/2019 10:00,980.83,258.08,457.02,0.06,1.54,0.4,0,4112.73,17.35,50.28,-724.85,5085.81
23/11/2019 10:30,1064.14,258.12,455.72,0.08,0.95,0.4,0,4106.44,18.34,47.55,-769.91,5115.94
23/11/2019 11:00,1156.5,258.27,487.58,0.05,0.91,0.4,0,4068.45,19.06,39.05,-880.31,5091.85
23/11/2019 11:30,1210.24,258.05,527.19,0.06,5.55,0.4,0,4072.74,20.46,26,-1052.67,5021.56
23/11/2019 12:00,1237.53,258.14,570.12,0.08,0,0.4,0,4079.89,21.12,26.82,-1130.84,5015.32
23/11/2019 12:30,1209.03,258.08,618.91,0.05,0,0.4,0,4105.63,21.32,20.03,-1250.81,4941.29
23/11/2019 13:00,1173.69,258.06,577.37,0.06,0,0.4,0,4098.29,22.36,23.61,-1156.58,4951.29
23/11/2019 13:30,1182.82,257.94,542.4,0.12,0.4,0.4,0,4084.54,22.49,26.79,-1152.67,4915.95
23/11/2019 14:00,1162.33,257.97,551.28,0.13,0.19,0.4,0,4048.31,22.14,16.12,-1117.66,4902.95
23/11/2019 14:30,1096.71,256.08,533.8,0.13,0.9,0.4,0,4048,21.02,25.06,-1086.55,4849.47
23/11/2019 15:00,1033.17,255.35,518.5,0.1,1.13,0.4,0,4058.76,19.85,32.54,-1050.1,4817.31
23/11/2019 15:30,983.32,250.82,470.17,0.11,1.89,0.4,0,4103.48,18.5,29.77,-942.62,4867.57
23/11/2019 16:00,912.22,257.58,447.58,0.11,1.33,0.4,0,4105.74,18.52,27.53,-878.24,4846.72
23/11/2019 16:30,828.75,254.89,438.85,0.11,1.56,0.4,0,4060.8,18.46,31.39,-734.03,4851.33
23/11/2019 17:00,703.96,233.53,430.09,0.11,1.53,0.4,0,4093.44,17.92,18.05,-622.79,4840.27
23/11/2019 17:30,544.4,224.56,508.28,0.09,6.46,0.4,0,4110.65,17.86,33.17,-514.09,4880.75
23/11/2019 18:00,383.46,232.77,553.86,11.79,3.05,0.39,0,4110.27,17.56,51.37,-417.04,4878.55
23/11/2019 18:30,251.71,175.72,543.56,86.44,4.67,0.4,0,4119.46,16.63,66.24,-323.48,4858.48
23/11/2019 19:00,143.65,55.07,598.47,182.78,9.09,0.4,0,4108.85,15.96,66.44,-304.29,4794.02
23/11/2019 19:30,65.75,15.28,596.06,216.83,5.06,0.4,0,4106.69,15.45,68.28,-258.18,4747.89
23/11/2019 20:00,13.77,3.96,592.26,217.82,6.64,0.4,0,4117.21,15.05,61.82,-253.08,4698.98
23/11/2019 20:30,0.92,0.05,601.63,212.22,0.38,0.4,0,4116.3,14.83,57.52,-207.49,4724.41
23/11/2019 21:00,0,0,658.1,201.8,9.85,0.4,0,4119.13,14.79,52.6,-207.48,4781.8
23/11/2019 21:30,0,0,604.27,186.55,6.65,0.4,0,4121.1,14.7,62,-229.45,4689.52
23/11/2019 22:00,0,0,571.1,179.23,6.38,0.4,0,4118.82,14.54,53.05,-283.24,4592.69
23/11/2019 22:30,0,0,550.84,128.22,11.68,0.4,0,4095.76,14.59,47.9,-266,4520.9
23/11/2019 23:00,0,0,507.64,44.21,2.35,0.4,0,4056.33,14.66,64.81,-224.55,4386.38
23/11/2019 23:30,0,0,434.47,44.15,0.18,0.4,0,4058.41,14.45,67.16,-203.63,4333.98
24/11/2019 0:00,0,0,381.03,43.94,0.05,0.4,0,4063.18,14.38,63.4,-101.12,4387.48
24/11/2019 0:30,0,0,294.26,43.91,0,0.4,0,4061.03,14.23,67.35,146.6,4546.2
24/11/2019 1:00,0,0,149.78,32.61,0,0.39,0,4059.51,14.19,79.74,174.42,4416.71
24/11/2019 1:30,0,0,88.69,0.09,0,0.4,0,4062.31,14.04,71.57,118.75,4270.24
24/11/2019 2:00,0,0,71.53,0.06,0,0.4,0,4061.45,13.29,67.26,40.36,4173.8
24/11/2019 2:30,0,0,103.99,0.06,0,0.4,0,4060.02,12.59,59.31,-112.1,4052.37
24/11/2019 3:00,0,0,112.4,0.09,0,0.4,0,4060.65,12.27,56.25,-264.18,3909.36
24/11/2019 3:30,0,0,116.29,0.09,0,0.4,0,4054.55,12.43,50.19,-321.89,3849.44
24/11/2019 4:00,0,0,104.98,0.09,0,0.4,0,4060.2,13.07,49.57,-362.34,3803.33
24/11/2019 4:30,0,0,79.75,0.06,0,0.4,0,4061.29,13.2,51.5,-402.2,3739.3
24/11/2019 5:00,0.03,0,66.31,0.09,0,0.4,0,4059.65,13.18,44.48,-345.46,3781.02
24/11/2019 5:30,2.02,0,61.75,0.06,0,0.4,0,4055.27,13.08,57.76,-317.06,3802.44
24/11/2019 6:00,23.09,0.25,62.83,0.08,0,0.4,0,4056.8,13.55,50.68,-296.54,3846.91
24/11/2019 6:30,82.49,16.02,57.52,26.95,0,0.4,0,4053.61,14.09,68.86,-301.83,3935.16
24/11/2019 7:00,188.72,78.69,34.52,125.03,0.68,0.4,0,4051.49,14.14,51.06,-384.01,4095.52
24/11/2019 7:30,340.82,149.89,28.75,125.31,1.61,0.4,0,4054.24,14.37,40.84,-403.85,4297.17
24/11/2019 8:00,515.16,194.14,17.75,134.61,0.76,0.4,0,4052.66,14.63,39.81,-469.24,4446.24
24/11/2019 8:30,686.39,211.92,6.31,115.13,1.89,0.39,0,4049.82,15.34,38.88,-512.29,4559.56
24/11/2019 9:00,844.16,223.42,1.68,32.23,1.78,0.4,0,4061.27,16.16,37.71,-539.68,4625.26
24/11/2019 9:30,977.07,254.92,3.09,32.34,4.89,0.4,0,4060.17,16.42,39.82,-628.03,4704.85
24/11/2019 10:00,1110.17,252.99,5.78,22.44,1.05,0.4,0,4054.7,16.83,55.31,-668.82,4778.71
24/11/2019 10:30,1200.72,258.17,8.05,0.06,1.62,0.4,0,4061,17.03,34.83,-762.79,4767.23
24/11/2019 11:00,1260.45,258.13,10.2,0.09,1.76,0.4,0,4061.79,17.47,36.98,-826.07,4766.75
24/11/2019 11:30,1308.2,257.37,10.27,0.08,2.55,0.4,0,4057.27,18.08,38.43,-833.78,4802.36
24/11/2019 12:00,1338.57,256.22,12.19,0.06,0,0.4,0,4067,18.24,38.11,-887.31,4787.13
24/11/2019 12:30,1367.46,255.22,14.31,0.08,0,0.4,0,4113.42,18.67,32.51,-956.49,4794.4
24/11/2019 13:00,1364.42,258.02,15.05,0.11,0,0.4,0,4103.29,19.28,31.62,-970.48,4770.81
24/11/2019 13:30,1367.21,257.9,21.04,0.16,0,0.4,0,4036.83,20.15,61.28,-930.14,4753.4
24/11/2019 14:00,1354.07,257.81,38.21,0.13,0,0.4,0,4056.59,20.52,27.76,-974.11,4733.1
24/11/2019 14:30,1314.08,257.74,57.11,0.16,0.03,0.4,0,4068.03,21.17,38.77,-953.28,4744.27
24/11/2019 15:00,1258.96,257.5,69.84,0.12,8.17,0.4,0,4075.9,21.99,44.26,-911.78,4759.11
24/11/2019 15:30,1186.3,257.55,75.11,0.15,0.73,0.4,0,4107.88,21.71,48.23,-829.22,4798.9
24/11/2019 16:00,1084.41,257.66,73.08,0.14,0,0.4,0,4122.17,20.94,40.37,-665.64,4872.22
24/11/2019 16:30,955.8,257.46,82.98,0.14,8.05,0.4,0,4121.5,20.78,52,-479.59,4946.74
24/11/2019 17:00,802.94,255.51,88.39,0.14,4.77,0.4,0,4112.14,21.35,48.89,-255.13,5009.16
24/11/2019 17:30,623.62,248.22,102.09,0.2,6.73,0.4,0,4089.87,22,54.8,-17.83,5053.3
24/11/2019 18:00,443.16,236.95,129.8,11.91,7.13,0.4,0,4107.79,21.48,64.66,161.73,5098.87
24/11/2019 18:30,271.94,210.84,191.4,45.28,4.89,0.4,0,4123.67,20.73,76.67,244.9,5093.32
24/11/2019 19:00,134.97,152.49,198.49,96.06,10.34,0.4,0,4114.28,19.64,86.05,295.61,5002.64
24/11/2019 19:30,47.93,68.64,188.51,202.15,9.23,0.4,0,4115.28,18.11,81.59,324.77,4956.91
24/11/2019 20:00,8.43,9.4,175.63,434.04,4.31,0.4,0,4114.65,17.12,149.69,171.88,4918.74
24/11/2019 20:30,0.5,0.03,147.55,323.07,1.65,0.4,0,4109.94,16.63,110.25,341.71,4924.85
24/11/2019 21:00,0,0,154.69,317.86,3.32,0.4,0,4109.29,16.22,95.14,338.53,4924.09
24/11/2019 21:30,0,0,192.38,246.71,2.24,0.4,0,4111.01,15.65,76.68,262.55,4815.29
24/11/2019 22:00,0,0,194.29,171.64,5.73,0.4,0,4115.91,15.05,73.42,180.53,4668.5
24/11/2019 22:30,0,0,159.18,116.05,1.61,0.4,0,4109.16,14.48,80.2,150.76,4537.16
24/11/2019 23:00,0,0,131.45,0.13,2.04,0.4,0,4113.23,14.21,67.32,105.03,4352.28
24/11/2019 23:30,0,0,100.62,0.09,0,0.4,0,4112.72,13.92,65.11,92.64,4306.47
25/11/2019 0:00,0,0,84.29,0.07,0,0.4,0,4111.03,13.53,65.24,174.76,4370.55
25/11/2019 0:30,0,0,76.03,14.51,0,0.4,0,4110.71,13.17,76.23,344.9,4546.55
25/11/2019 1:00,0,0,70.94,176.72,0,0.4,0,4108.67,13.12,128.09,118.75,4475.48
25/11/2019 1:30,0,0,73.33,43.34,0,0.4,0,4112.32,13.24,126.54,130.66,4360.05
25/11/2019 2:00,0,0,91.33,0.11,0,0.4,0,4105.65,13.06,74.52,40.43,4237.92
25/11/2019 2:30,0,0,139.56,0.06,0,0.4,0,4106.68,13.07,57.94,-100.55,4146.15
25/11/2019 3:00,0,0,191.36,0.09,0,0.4,0,4112.53,12.93,52.71,-261.28,4043.1
25/11/2019 3:30,0,0,223.32,0.07,0,0.4,0,4093.77,12.87,50.97,-380.47,3937.09
25/11/2019 4:00,0,0,268.16,0.1,0,0.4,0,4091.49,12.5,50.25,-435.76,3924.39
25/11/2019 4:30,0,0,313.45,0.09,0,0.4,0,4097.27,11.82,43.77,-500.33,3910.88
25/11/2019 5:00,0.03,0,360.44,0.11,0,0.4,0,4106.63,11.53,40.37,-467.36,4000.25
25/11/2019 5:30,2.02,0,382.27,0.07,0,0.4,0,4112.48,11.49,57.19,-336.34,4160.9
25/11/2019 6:00,22.34,0.22,408.1,10.65,0,0.4,0,4112.7,12.22,46.48,-191.85,4362.56
25/11/2019 6:30,80.53,17.09,446.13,100.47,0,0.4,0,4110.11,13.07,55.7,-73.06,4681.67
25/11/2019 7:00,190.07,82.41,498.28,214.56,0,0.4,0,4113.36,14.33,53.03,-47.33,5051.75
25/11/2019 7:30,341.76,161.24,474.73,214.98,0.82,0.4,0,4111.22,16.86,55.27,83.31,5388.46
25/11/2019 8:00,514.4,215.32,437.71,215.2,4.46,0.4,0,4119.61,20.33,58.89,65.26,5572.36
25/11/2019 8:30,679.36,238.16,383.2,202.71,4.53,0.4,0,4109.95,23.31,57.84,-7.86,5610.45
25/11/2019 9:00,818.09,250.43,329.56,119.99,5.52,0.4,0,4116.02,24.87,57.12,70.98,5710.99
25/11/2019 9:30,902.03,257.19,294.85,16.88,3.2,0.4,0,4113.2,25.99,72.8,174.03,5761.78
25/11/2019 10:00,1002.9,254.62,295.66,16.94,3.65,0.4,0,4106.18,26.57,71.73,116.15,5796.5
25/11/2019 10:30,1090.87,257.12,413.68,16.72,1.33,0.4,0,4105.36,24.18,68.46,39.06,5924.54
25/11/2019 11:00,1157.14,236.46,493.1,17.06,0.08,-0.1,0,4108.47,23.82,53.48,-83.82,5928.39
25/11/2019 11:30,1120.17,236.55,527.78,16.86,0.14,0.4,0,4111.41,25.04,61.69,-99.8,5913.51
25/11/2019 12:00,1027.41,224.47,551.18,11.16,4.16,-0.43,0,4103.47,25.41,65.01,95.22,6016.64
25/11/2019 12:30,951.19,236.29,448.11,0.07,3.59,11.57,0,4111.76,25.45,72.46,277.7,6040.28
25/11/2019 13:00,767.06,236.15,397.03,6.99,8.3,144.07,0,4112.72,23.58,67.76,358.04,6030.36
25/11/2019 13:30,681.01,219.25,344.61,89.41,3.24,141.9,0,4115.5,22.15,91.68,499.57,6094.49
25/11/2019 14:00,632.76,185.89,261.8,72.85,1.71,132.9,0,4100.17,22.02,96.93,581.89,5969.97
25/11/2019 14:30,555.92,158.98,183.23,99.24,13.4,146.9,0,4106.47,21.59,97.63,679.34,5943.48
25/11/2019 15:00,446.98,140.66,209.19,215.25,5.91,136.23,0,4100.47,21.46,151.03,639.12,5893.81
25/11/2019 15:30,389.13,89.5,421.9,217.34,0,131.23,0,4096.51,21.88,95.93,462.87,5808.48
25/11/2019 16:00,421.13,81.34,475.04,171.14,3.39,140.73,0,4107.72,22.58,69.45,207.82,5608.31
25/11/2019 16:30,394.65,74.35,648.04,169.58,0,133.9,0,4102.67,22.89,74.63,113.07,5636.26
25/11/2019 17:00,287.42,62.98,901.24,169.81,8.14,148.73,0,4104.58,23.13,68.51,143.8,5826.7
25/11/2019 17:30,201.01,42.4,898.01,211.44,3.25,217.79,0,4103.02,23.02,74.17,199.2,5876.12
25/11/2019 18:00,134.32,35.63,1036.74,195.08,3.2,325.18,0,4103.86,22.86,65.69,28.51,5862.52
25/11/2019 18:30,83.79,18.15,1015.37,211.85,4.08,333.46,0,4119.15,23.03,65.91,-34.04,5751.81
25/11/2019 19:00,43.74,11.77,1037.95,276.35,8.78,341.94,0,4110.97,22.9,74.82,-222.14,5609.36
25/11/2019 19:30,14.89,5.14,1028.69,318.26,6.59,336.81,0,4102.28,22.55,76.37,-320.95,5491.71
25/11/2019 20:00,2.33,0.38,969.55,319.3,0.36,319.16,0,4105.37,22.33,84.65,-329.86,5386.59
25/11/2019 20:30,0.11,0,865.73,285.05,1.55,323,0,4082.36,22.43,75.12,-180.89,5376.91
25/11/2019 21:00,0,0,811.28,280.9,1.18,234.57,0,4082.59,23.68,78.79,-96.09,5314.43
25/11/2019 21:30,0,0,646.33,169.63,0,153.57,0,4104.94,24.37,68.28,69.87,5144.34
25/11/2019 22:00,0,0,686.46,75.59,0,151.23,0,4100.78,24.13,71.98,-28.08,4985.98
25/11/2019 22:30,0,0,815.25,64.56,0,148.9,0,4102.69,23.78,61.62,-303.07,4828.33
25/11/2019 23:00,0,0,776.24,27.68,0,156.73,0,4080.41,23.87,53.85,-368.83,4672.23
25/11/2019 23:30,0,0,859.54,0.1,0,143.23,0,4076.27,23.27,59.2,-513.59,4565.55
26/11/2019 0:00,0,0,869.83,0.1,0,150.9,0,4105.29,17.48,49.38,-509.25,4616.87
26/11/2019 0:30,0,0,942.96,0.1,0,130.57,0,4105.2,15.46,50.21,-364.41,4814.42
26/11/2019 1:00,0,0,937.39,0.1,0,125.07,0,4114.21,15.21,48.61,-557.85,4618.92
26/11/2019 1:30,0,0,898.53,0.16,0,125.73,0,4156.47,15.09,42.7,-724.52,4456.37
26/11/2019 2:00,0,0,902.45,0.11,0,125.9,0,4063.76,14.83,32.63,-788.77,4303.45
26/11/2019 2:30,0,0,946.5,0.1,0,125.73,0,3954.07,14.56,20.79,-818.1,4208.3
26/11/2019 3:00,0,0,906.85,0.11,0,124.73,0,3843.67,13.82,13.3,-785.49,4089.87
26/11/2019 3:30,0,0,801.18,0.14,0,124.73,0,3812.06,13.41,18.9,-774.47,3963.64
26/11/2019 4:00,0,0,789.4,0.15,0,127.57,0,3887.15,12.99,19.59,-845.96,3958.31
26/11/2019 4:30,0,0,859.38,0.13,0,124.9,0,3893.48,12.88,22.34,-865.63,4012.26
26/11/2019 5:00,0,0,778.3,0.15,0,126.07,0,4014.17,12.06,27.8,-832.08,4086.61
26/11/2019 5:30,0.38,0,799.04,0.15,0,126.23,0,4165.98,12.33,34.83,-792.35,4299.43
26/11/2019 6:00,5.68,0,1025.76,9.82,0,126.57,0,4174.01,12.07,34.82,-824.94,4516.9
26/11/2019 6:30,29.63,3.03,870.26,73.19,0,124.9,0,4170.96,12.7,57.71,-453.74,4818.23
26/11/2019 7:00,69.41,24.07,938.9,168.96,1.66,128.73,0,4171.3,13.3,58.7,-323.9,5179.13
26/11/2019 7:30,132.71,50.44,900.57,201.4,1.83,128.23,0,4175.35,13.41,63.1,-114.21,5476.32
26/11/2019 8:00,227.91,102.58,881.44,202.02,1.52,137.57,0,4174.61,13.49,75.26,-91.2,5636.45
26/11/2019 8:30,323.41,125.13,947.42,201.38,0.41,125.73,0,4173.75,13.61,69,-278.5,5618.73
26/11/2019 9:00,427.76,126.39,1149.21,191,6.97,139.07,0,4176.13,13.87,54.05,-525.37,5691.16
26/11/2019 9:30,544.41,142.42,1249.13,127.58,4.26,129.23,0,4177.44,14.21,48.1,-635.37,5739.1
26/11/2019 10:00,652.76,192.29,1340.4,42.56,2.56,124.73,0,4174.5,14.75,38.42,-874.87,5654.93
26/11/2019 10:30,673.48,160.44,1397.97,44.29,6.65,131.9,0,4170.87,14.59,41.07,-951.55,5634.05
26/11/2019 11:00,753.12,181.53,1309.14,44.2,3.31,28.23,0,4156.89,14.77,44.69,-719.49,5756.93
26/11/2019 11:30,796.92,197.71,1374.47,32.72,10.55,20.4,0,4151.82,14.96,36.23,-916.62,5667.97
26/11/2019 12:00,828.26,162.28,1418.11,0.07,3.51,20.07,0,4164.66,15,37.09,-883.76,5713.2
26/11/2019 12:30,914.62,215.56,1457.92,0.07,0,19.68,0,4153.9,15.67,49.75,-1061.03,5700.72
26/11/2019 13:00,971.83,215.45,1431.29,0.08,0,19.85,0,4111.85,15.2,34.26,-1147.67,5602.68
26/11/2019 13:30,982.75,205.06,1450.03,0.12,0,19.47,0,4076.85,14.77,15.49,-1104.39,5629.89
26/11/2019 14:00,1052.72,251.97,1439.73,0.09,0,19.9,0,4065.44,14.84,14.24,-1193.04,5636.81
26/11/2019 14:30,1040.75,249.18,1426.82,0.07,0,20.23,0,3985.56,15.38,15.97,-1226.93,5495.68
26/11/2019 15:00,1018.47,202.08,1404.73,0.07,0,19.92,0,3939.55,15.42,7.63,-1101.78,5483.04
26/11/2019 15:30,939.56,229.22,1359.87,0.1,0,22.53,0,3921.8,15.49,15.1,-1078.41,5394.67
26/11/2019 16:00,884.66,248.27,1352.88,0.1,1.52,19.77,0,3971.81,15.52,9.53,-1069.48,5409.53
26/11/2019 16:30,823.16,255.78,1299.34,0.08,3.52,20.59,0,4051.93,15.01,20.27,-1003.03,5451.37
26/11/2019 17:00,700.36,254.03,1264.06,0.1,6.28,63.27,0,4140.68,14.77,33.12,-952.69,5476.09
26/11/2019 17:30,549.41,256.58,1227.05,11.97,2.68,186.81,0,4195.34,14.33,62.53,-894.31,5535.53
26/11/2019 18:00,402.51,245.97,1121.55,95.63,4.21,247.08,0,4192.19,14.42,63.31,-841.7,5467.44
26/11/2019 18:30,268.55,200.73,994.13,201.48,11.28,295.49,0,4185.72,14.22,58.61,-705.78,5451.6
26/11/2019 19:00,149.01,167.96,861.71,202,6.42,295.78,0,4191.79,13.83,69.4,-512.61,5362.06
26/11/2019 19:30,61.84,76.57,762.39,217.31,9.27,305.09,0,4188.97,13.46,83.35,-347.2,5274.24
26/11/2019 20:00,13.34,10.86,645.52,394.49,6.2,306.37,0,4183.2,13.31,89.45,-259.01,5300.97
26/11/2019 20:30,1.05,0.15,602.29,389.77,0.64,281.38,0,4180.08,13.22,85.75,-103.73,5351.63
26/11/2019 21:00,0,0,573.2,412.81,2.25,227.52,0,4183.2,13.2,76.26,17.14,5416.12
26/11/2019 21:30,0,0,596.76,325.57,0.44,205.33,0,4182.57,13.15,78.68,-43.7,5266.97
26/11/2019 22:00,0,0,588.39,294.39,3.49,208.06,0,4181.63,12.66,58.97,-186.96,5089
26/11/2019 22:30,0,0,569.64,179.78,4.43,204.74,0,4179.1,12.14,62.29,-215.78,4921.91
26/11/2019 23:00,0,0,501.74,124.8,0,204.96,0,4180.82,11.68,51.56,-323.84,4688.48
26/11/2019 23:30,0,0,466.36,125.24,0,205.13,0,4186.5,11.47,64.76,-367.15,4616.08
27/11/2019 0:00,0,0,435.68,125.18,0,204.85,0,4213.46,11.07,63.52,-309.55,4669.62
27/11/2019 0:30,0,0,370.43,125.1,0,204.95,0,4220.07,10.83,61.08,-65.86,4854.69
27/11/2019 1:00,0,0,349.78,124.88,0,205.34,0,4215.72,10.72,65.6,-186.95,4708.77
27/11/2019 1:30,0,0,336.64,83.45,0,204.14,0,4215.48,10.65,69.08,-241,4598.71
27/11/2019 2:00,0,0,344.76,0.1,0,189.37,0,4216.32,10.17,66.81,-304.2,4446.35
27/11/2019 2:30,0,0,311,0.1,0,141.77,0,4219.82,9.73,62,-320.41,4352.28
27/11/2019 3:00,0,0,287.81,0.07,0,150.77,0,4217.97,9.39,56.7,-444.02,4212.6
27/11/2019 3:30,0,0,270.73,0.09,0,150.1,0,4207.97,9.56,51.17,-473,4155.89
27/11/2019 4:00,0,0,265.31,0.07,0,150.92,0,4208.17,9.67,63.28,-478.16,4146.31
27/11/2019 4:30,0,0,308.91,0.08,0,149.93,0,4214.12,9.51,63.45,-505.14,4167.9
27/11/2019 5:00,0.04,0,314.67,0.09,0,149.93,0,4216.22,9.22,65.98,-391.91,4289.04
27/11/2019 5:30,2.16,0,334.76,0.07,0,149.93,0,4189.09,8.96,71.73,-264.13,4411.88
27/11/2019 6:00,23.23,0.25,390.87,0.09,0,174.1,0,4194.35,9.03,69.76,-152.94,4629.95
27/11/2019 6:30,83.12,18.29,398.89,11.65,0,210.43,0,4186.14,9.53,75.83,104.16,5012.68
27/11/2019 7:00,192.17,80.11,386.13,97.08,0,142.93,0,4185.22,10.75,78.98,295.6,5379.24
27/11/2019 7:30,345.46,122.92,377.62,202.46,0.64,154.72,0,4182.99,11.81,77.05,319.85,5706.66
27/11/2019 8:00,525.5,68.23,384.19,244.7,0.84,287.28,0,4190.58,12.7,90.89,97.85,5799.17
27/11/2019 8:30,706.9,147.67,459.73,286.88,0.26,205.47,0,4189.71,13.32,68.16,-136.74,5859.88
27/11/2019 9:00,859.5,229.02,568.6,55.37,0.74,144.77,0,4191.33,13.67,54.51,-252.27,5797.06
27/11/2019 9:30,986.42,258.21,652.56,0.1,0,102.57,0,4185.88,14.83,45.3,-432.82,5752.92
27/11/2019 10:00,1103.74,258.22,768.88,0.11,0,11.21,0,4183.93,16.33,37.02,-666.48,5659.61
27/11/2019 10:30,1197.97,258.08,802.09,0.09,0.09,0.45,0,4189,16.73,31.02,-862.02,5585.75
27/11/2019 11:00,1282.59,257.96,838.48,0.13,0,0.47,0,4199.58,17.23,31.22,-1007.37,5571.84
27/11/2019 11:30,1338.03,257.97,871.04,0.12,0.14,0.48,0,4200.78,17.63,28.94,-1075.98,5592.58
27/11/2019 12:00,1374.63,257.93,847.61,0.12,0,0.5,0,4208.35,18.48,32.07,-1071.16,5617.98
27/11/2019 12:30,1395.34,258.03,859.68,0.15,0,0.99,0,4198.56,19.89,25.27,-1150.86,5561.89
27/11/2019 13:00,1390.65,257.71,892.03,0.15,0,2.48,0,4182.17,20.77,28.68,-1187.73,5537.46
27/11/2019 13:30,1373.43,257.86,889.22,0.1,0,0.5,0,4127.5,21.73,29.57,-1072.97,5575.64
27/11/2019 14:00,1358.14,217.14,841.82,0.14,4.02,0.55,0,4094.69,22.2,36.73,-971.37,5545.13
27/11/2019 14:30,1330.23,188.7,840.03,0.16,1.65,0.54,0,4115.66,23.37,37.63,-897.9,5579.07
27/11/2019 15:00,1280.83,257.8,833.84,0.13,2.44,0.54,0,4134.12,23.08,46.61,-942.6,5567.1
27/11/2019 15:30,1200.14,257.35,830.06,0.17,6.74,0.56,0,4144.98,23.44,41.45,-897.32,5542.68
27/11/2019 16:00,1104.46,257.47,771.65,0.13,2.86,14.1,0,4163.37,23.95,40.39,-733.84,5580.2
27/11/2019 16:30,974.61,257.46,723.89,0.11,11.77,20.52,0,4203.23,24.3,49.13,-520.2,5671.39
27/11/2019 17:00,829.22,256.68,666.55,0.13,8.97,22.99,30.81,4215.77,24.04,62.83,-326.59,5704.53
27/11/2019 17:30,654.04,253.63,659.77,53.1,3.82,29.4,100.5,4216.62,23.63,61.21,-282.18,5688.7
27/11/2019 18:00,470.3,245.34,655.46,179.04,5.6,33.96,101.19,4219.53,22.39,65.18,-255.91,5654.51
27/11/2019 18:30,305.69,217.35,639,201.58,6.26,40.78,101.81,4219.81,20.75,65.34,-155.29,5576.99
27/11/2019 19:00,159.48,162.03,570.12,201.91,11.66,43.5,101.13,4224.06,19.17,73.23,-23.72,5450.17
27/11/2019 19:30,62.16,76.7,516.28,201.49,7.1,43.53,117.25,4220.67,18,85.99,96.51,5341.69
27/11/2019 20:00,13.41,12.2,431.9,200.89,1.47,33.88,101.75,4191.77,17.05,84.18,262.4,5249.67
27/11/2019 20:30,1.11,0.17,451.25,200.88,5.64,0.48,101.94,4168.4,16.66,82.55,298.65,5228.52
27/11/2019 21:00,0,0,384.26,201.27,4.5,0.6,102.81,4197.46,15.88,74.99,384.97,5275.87
27/11/2019 21:30,0,0,332.59,190.7,0,0.6,102.06,4190.73,15.1,72.63,318.18,5134.86
27/11/2019 22:00,0,0,356.93,127.64,0,0.6,102.31,4200.25,14.64,67.69,156.14,4943.87
27/11/2019 22:30,0,0,375.29,43.98,0,0.6,102.75,4205.89,14.32,57.45,88.11,4816.62
27/11/2019 23:00,0,0,350.02,32.7,0,0.6,68.81,4214.12,13.91,46.85,-33.35,4632.9
27/11/2019 23:30,0,0,339.9,0.14,0,0.59,0,4217.99,13.28,58.57,-20.58,4538.04
28/11/2019 0:00,0,0,261.36,0.13,0,0.6,0,4220.65,12.84,54.25,108.01,4590.75
28/11/2019 0:30,0,0,235.1,0.14,0,0.6,0,4218.84,12.53,68.92,319.43,4774.11
28/11/2019 1:00,0,0,263.63,0.13,0,0.6,0,4206.23,12.3,71.93,154.71,4625.3
28/11/2019 1:30,0,0,259.9,0.14,0,0.6,0,4210.91,11.97,69.2,27.11,4498.66
28/11/2019 2:00,0,0,249.99,0.1,0,0.6,0,4206.02,11.9,68.44,-54.93,4401.78
28/11/2019 2:30,0,0,289.3,0.15,0,0.6,0,4209.95,11.88,66.28,-187.29,4312.71
28/11/2019 3:00,0,0,413.07,0.12,0,0.6,0,4208.2,11.67,61.49,-436.94,4185.05
28/11/2019 3:30,0,0,496.32,0.12,0,0.6,0,4180.73,11.94,51.79,-568,4109.77
28/11/2019 4:00,0,0,538.7,0.11,0,0.6,0,4172.69,12.89,43.84,-652.75,4059.35
28/11/2019 4:30,0,0,539.02,0.15,0,0.6,0,4175.81,13.77,41.86,-620.52,4095.06
28/11/2019 5:00,0.04,0,472.79,0.15,0,0.6,0,4181.19,14.08,41.09,-456.75,4198.02
28/11/2019 5:30,1.97,0,414.69,0.14,0,0.6,0,4184.24,14.28,48.72,-252.69,4348.95
28/11/2019 6:00,21.91,0.28,394.24,11.76,0,0.59,0,4179.85,14.38,53.7,-40.85,4567.78
28/11/2019 6:30,83.12,16.18,294.63,44.4,0,0.6,0,4172.1,14.34,71.35,293.84,4904.87
28/11/2019 7:00,191.17,76.36,248.68,116.3,0,0.6,20.81,4164,14.63,92.71,438.17,5256.09
28/11/2019 7:30,342.75,131.38,181.85,188.51,0.33,0.6,98.56,4181.37,15.42,72.89,557.95,5683.3
28/11/2019 8:00,519.28,129.6,25.46,197.34,1.35,0.6,102.5,4184.77,16.3,79.45,609.24,5770.14
28/11/2019 8:30,706.03,130.74,22.51,185.16,1.86,0.6,102.56,4176.36,16.88,74.86,474.15,5799.97
28/11/2019 9:00,873.66,140.52,28.91,111.57,2.12,0.6,102.44,4177.06,16.85,73.95,390.16,5827.04
,,,,,,,,,,,,
